{"type": "metrics", "dataset": "train", "precision": 0.6600763093999307, "balanced_accuracy": 0.6711809362092822, "recall": 0.40275132275132275, "f1_score": 0.5002628811777077}
{"type": "metrics", "dataset": "test", "precision": 0.6430842607313195, "balanced_accuracy": 0.6804841327193595, "recall": 0.42444910807974817, "f1_score": 0.511378002528445}
{"type": "cm_matrix", "dataset": "train", "true_0": {"predicted_0": 15248, "predicted_1": 980}, "true_1": {"predicted_0": 2822, "predicted_1": 1903}}
{"type": "cm_matrix", "dataset": "test", "true_0": {"predicted_0": 6624, "predicted_1": 449}, "true_1": {"predicted_0": 1097, "predicted_1": 809}}
