{"type": "metrics", "dataset": "train", "precision": 0.676939811457578, "balanced_accuracy": 0.6701135864199704, "recall": 0.3951322751322751, "f1_score": 0.4989977281838835}
{"type": "metrics", "dataset": "test", "precision": 0.6470588235294118, "balanced_accuracy": 0.674764808430861, "recall": 0.40975865687303253, "f1_score": 0.5017667844522968}
{"type": "cm_matrix", "dataset": "train", "true_0": {"predicted_0": 15337, "predicted_1": 891}, "true_1": {"predicted_0": 2858, "predicted_1": 1867}}
{"type": "cm_matrix", "dataset": "test", "true_0": {"predicted_0": 6647, "predicted_1": 426}, "true_1": {"predicted_0": 1125, "predicted_1": 781}}
